Year,FisheriesGuild,variable,value
2014,demersal,guildRate,0.000676746081793992
2015,demersal,guildRate,0.00129492859811925
2016,demersal,guildRate,0.000407225393540936
2017,demersal,guildRate,0.000305806295854179
2018,demersal,guildRate,0
